Time (s),Displacement (m),Velocity (m/s),Temperature (K),Tag,Quality_Flag,Group_ID,Comment
0.0,0.0,0.5045818144773903,289.8882429495551,Exp-B,Poor,G14,Verified
0.1001669449081803,0.10417925360840675,0.6265383633369425,309.9350099771273,Exp-C,Poor,G7,Verified
0.2003338898163606,0.20617808517373404,-1.2395622860802396,290.481400180275,Exp-C,Poor,G3,Noisy
0.3005008347245409,0.30490003063832216,-1.5028706086823893,315.26869225581584,Exp-C,Moderate,G6,Verified
0.4006677796327212,0.3992954780058576,-0.7459421264756013,315.67280845626453,Exp-C,Good,G5,Noisy
0.5008347245409015,0.4883727070970904,-0.6615414425152919,287.85765260891145,Exp-A,Poor,G10,Noisy
0.6010016694490818,0.5712081846176401,0.7534194635024307,304.553837800309,Exp-A,Good,G4,Verified
0.7011686143572621,0.6469560090969076,-0.6145387836910949,283.5087056687986,Exp-A,Good,G15,Verified
0.8013355592654424,0.7148564106278256,-0.856348518281204,295.66148398406517,Exp-C,Moderate,G20,Verified
0.9015025041736228,0.7742432216467751,-0.6116337366945591,308.5328691800509,Exp-C,Poor,G15,Verified
1.001669449081803,0.8245502471081172,1.1186323341542117,306.37692987399663,Exp-B,Poor,G9,Verified
1.1018363939899833,0.8653164751876129,0.013043374376952133,304.9880267762643,Exp-C,Good,G20,Verified
1.2020033388981637,0.8961900829467756,-0.1792510253569118,291.3016345464977,Exp-B,Poor,G16,Verified
1.302170283806344,0.916931205055005,-0.11000549870105147,295.1209979773761,Exp-C,Poor,G7,Verified
1.4023372287145242,0.927413447544704,1.2920603343265227,284.11784578801144,Exp-A,Good,G11,Stable
1.5025041736227045,0.9276241425122098,-0.7491717266032418,308.76091281734404,Exp-C,Good,G1,Verified
1.6026711185308848,0.9176633535209104,1.315508290940104,300.1555518716509,Exp-C,Moderate,G5,Stable
1.7028380634390652,0.8977416550615072,0.21049629892150362,308.35062529382617,Exp-A,Poor,G2,Noisy
1.8030050083472455,0.8681767226314178,-0.16041938197534772,289.9577409918749,Exp-C,Good,G18,Noisy
1.9031719532554257,0.8293887826698896,2.5009004979342815,292.9775291454026,Exp-C,Poor,G1,Stable
2.003338898163606,0.7818949835938712,-1.0556394897985963,293.3686134904046,Exp-C,Poor,G6,Stable
2.1035058430717863,0.7263027603970686,-0.35368575956700604,281.02969638988867,Exp-C,Good,G4,Verified
2.2036727879799667,0.6633022755857922,-1.2324312391640002,293.6419149132249,Exp-B,Poor,G10,Verified
2.303839732888147,0.5936580285261873,0.9524619705361694,312.13218294072135,Exp-C,Poor,G9,Noisy
2.4040066777963274,0.5181997334763212,1.689188933651679,315.89193982998955,Exp-A,Moderate,G5,Verified
2.5041736227045077,0.4378125735944854,1.669922781404639,300.7287326254371,Exp-B,Poor,G15,Stable
2.604340567612688,0.3534269439868015,1.2239487531460047,298.2200678087688,Exp-C,Moderate,G1,Verified
2.704507512520868,0.2660078013319271,-0.19762046779596562,281.2329847479748,Exp-B,Moderate,G8,Noisy
2.8046744574290483,0.1765437407622169,-0.3652409774898465,315.1681735034153,Exp-C,Good,G3,Verified
2.9048414023372287,0.08603592246796804,-1.671169772494065,280.5204085370349,Exp-C,Poor,G5,Verified
3.005008347245409,-0.00451302908175014,2.0358735351817927,317.79000320840845,Exp-C,Poor,G1,Stable
3.1051752921535893,-0.09411003133283101,0.4689780781484677,299.5686499475236,Exp-C,Moderate,G16,Stable
3.2053422370617697,-0.18178233553812176,-0.49195690486948307,293.67737974298905,Exp-B,Good,G7,Noisy
3.30550918196995,-0.2665879881738901,1.3280568889869675,316.9687373937064,Exp-C,Moderate,G11,Noisy
3.4056761268781304,-0.3476258504878115,-0.9727645167600009,280.9756397244039,Exp-C,Moderate,G14,Noisy
3.5058430717863107,-0.42404507073985925,0.40662203422267407,303.2569957947635,Exp-C,Moderate,G10,Noisy
3.606010016694491,-0.49505391074838784,-0.17262913429083468,301.9573009799735,Exp-B,Poor,G16,Noisy
3.7061769616026714,-0.5599278364129531,0.638677139880301,288.7728160484553,Exp-B,Poor,G12,Noisy
3.8063439065108513,-0.6180167908545698,-0.06357353918612146,297.1554972540084,Exp-A,Poor,G15,Stable
3.9065108514190316,-0.6687515785858257,-1.4509278911112242,306.0905602377508,Exp-C,Poor,G2,Noisy
4.006677796327212,-0.7116492995823855,0.07557637267003782,309.0852478752771,Exp-A,Good,G11,Noisy
4.106844741235393,-0.7463177831524375,1.0488641418753621,280.02867434826317,Exp-A,Moderate,G3,Verified
4.207011686143573,-0.7724589829650389,-0.029216405853985244,317.4741372036406,Exp-B,Good,G5,Stable
4.307178631051753,-0.7898713063720617,0.775115121589086,286.5810148957125,Exp-A,Moderate,G2,Verified
4.407345575959933,-0.7984508631093551,-1.0455294856740531,289.3432173688944,Exp-A,Moderate,G9,Verified
4.507512520868113,-0.7981916304580402,-0.026260793269852138,290.53893782775395,Exp-C,Good,G13,Stable
4.607679465776294,-0.7891845438546183,-0.6245104550885774,281.5128054620814,Exp-A,Good,G3,Noisy
4.707846410684474,-0.7716155336290985,0.7469808401047098,284.922084943613,Exp-A,Moderate,G18,Verified
4.808013355592655,-0.745762539897666,0.03149156226199577,319.45399691776646,Exp-B,Poor,G16,Noisy
4.908180300500835,-0.7119915485195365,0.6900736763366125,292.6086694950914,Exp-A,Poor,G6,Stable
5.008347245409015,-0.6707517013318656,1.087710426157866,284.612043613562,Exp-B,Moderate,G7,Verified
5.108514190317195,-0.6225695434947646,0.6916185751213884,284.27965044698493,Exp-C,Moderate,G9,Verified
5.208681135225376,-0.5680424796119461,0.2731184342936442,308.7783987067989,Exp-B,Good,G13,Stable
5.308848080133556,-0.5078315182523113,-0.9982122585114053,314.18274656130563,Exp-A,Good,G1,Stable
5.409015025041736,-0.44265339150534116,-0.002786110666901238,290.2780919803388,Exp-A,Poor,G4,Verified
5.509181969949917,-0.3732721421910936,-0.5330904020158331,280.8363804934094,Exp-C,Poor,G8,Verified
5.609348914858097,-0.30049027625849595,-0.34406395670422657,288.92360073781424,Exp-B,Good,G13,Verified
5.709515859766277,-0.22513958170031545,-0.37453415075025087,282.2606276318703,Exp-A,Poor,G15,Stable
5.809682804674457,-0.14807171795918678,-0.9799255747822445,284.1357974652017,Exp-C,Poor,G8,Noisy
5.909849749582638,-0.07014868127885862,-1.9573385891339898,297.2603247939057,Exp-A,Good,G2,Noisy
6.010016694490818,0.007766748236195911,-0.6681430483277668,289.1967348344653,Exp-B,Poor,G7,Noisy
6.110183639398999,0.08482047294326094,0.19337945192415906,300.6378351410169,Exp-B,Good,G15,Noisy
6.210350584307179,0.1601763544515856,-1.3481770454274902,290.1397501302876,Exp-A,Moderate,G4,Stable
6.3105175292153595,0.2330252010694597,0.015682236471624342,317.62149204411793,Exp-C,Poor,G17,Stable
6.410684474123539,0.3025933702641203,1.9002684243109647,316.2377587170506,Exp-C,Good,G7,Noisy
6.510851419031719,0.3681508956642554,1.0230565552522393,302.6722442004186,Exp-C,Poor,G16,Verified
6.6110183639399,0.42901905424890036,1.6435415091205292,294.17695967949544,Exp-C,Moderate,G13,Verified
6.71118530884808,0.48457729634443214,0.3911278769327262,295.24587528138943,Exp-A,Moderate,G10,Stable
6.811352253756261,0.5342694688079994,1.167509822986446,296.47409132577985,Exp-C,Moderate,G11,Noisy
6.911519198664441,0.5776092702182812,-0.7239647304677874,309.1031728853978,Exp-C,Good,G6,Stable
7.011686143572621,0.6141848859236091,-0.6443402670219842,298.0655598207535,Exp-C,Good,G2,Noisy
7.111853088480801,0.6436627603083338,-2.7391402061374728,314.2691978602359,Exp-B,Moderate,G18,Noisy
7.212020033388982,0.6657904735218003,1.186145474042299,317.7637914372146,Exp-A,Poor,G17,Verified
7.312186978297162,0.6803987000584,1.540323979819886,293.4378461351574,Exp-C,Poor,G4,Verified
7.412353923205343,0.6874022368680338,-0.55317724534727,302.4277792550272,Exp-C,Moderate,G9,Verified
7.512520868113523,0.6868000989996909,-0.2539517063972351,283.80226147330256,Exp-B,Moderate,G16,Stable
7.612687813021703,0.6786746910232324,-0.7538621136909615,288.01876191065435,Exp-C,Poor,G10,Verified
7.712854757929883,0.6631900725243787,0.3826535514774916,296.5386306684064,Exp-C,Moderate,G7,Verified
7.813021702838063,0.6405893457170747,1.1249325453032408,288.24810863607115,Exp-A,Poor,G12,Stable
7.913188647746244,0.6111912025619768,-1.742771973881041,315.0624196315487,Exp-B,Moderate,G2,Stable
8.013355592654424,0.5753856776213563,0.4094385306422523,286.3314502423639,Exp-B,Poor,G7,Stable
8.113522537562604,0.5336291611273205,-0.2766717717191454,298.22643286212366,Exp-B,Moderate,G4,Verified
8.213689482470786,0.4864387343074581,0.11339439196668935,304.22796961839504,Exp-C,Poor,G8,Noisy
8.313856427378965,0.4343858958236102,0.45899400167429094,307.6745563264338,Exp-B,Moderate,G14,Verified
8.414023372287145,0.3780897541683351,-0.18820243877282114,295.32277478906025,Exp-C,Good,G11,Noisy
8.514190317195325,0.3182097659722803,-0.10358685340578061,314.7639627489891,Exp-A,Moderate,G1,Stable
8.614357262103505,0.255438104356931,-0.2138751675546389,302.732766043117,Exp-A,Poor,G6,Verified
8.714524207011687,0.19049174468438618,0.9703162017882814,297.5803112179021,Exp-C,Poor,G9,Verified
8.814691151919867,0.12410435728334887,0.41875996012749656,282.6896253620815,Exp-B,Moderate,G19,Noisy
8.914858096828047,0.05701809795378922,0.22058353773736078,298.5875787378066,Exp-A,Good,G4,Verified
9.015025041736227,-0.010024612731617753,-1.2709517210922827,312.8294336326292,Exp-C,Moderate,G13,Verified
9.115191986644408,-0.07628923109553216,-0.3785797432131542,304.5816407288526,Exp-B,Poor,G8,Verified
9.215358931552588,-0.1410570645254106,0.8986691603391742,313.28649814916474,Exp-A,Poor,G1,Stable
9.315525876460768,-0.2036329923943633,0.037696573123922904,299.76046682397225,Exp-C,Moderate,G2,Noisy
9.415692821368948,-0.2633528516143239,0.6595314695891383,284.7384682037793,Exp-C,Moderate,G19,Verified
9.51585976627713,-0.31959040919749143,1.7665118003276337,280.54559383343525,Exp-C,Moderate,G16,Noisy
9.61602671118531,-0.37176384950320784,1.0386060692088166,292.12878186874366,Exp-C,Poor,G20,Stable
9.71619365609349,-0.4193417098886961,0.09315833769974234,307.9196188599117,Exp-B,Moderate,G5,Stable
9.81636060100167,-0.46184820518971026,-0.5109891701957271,311.61039615766776,Exp-C,Poor,G12,Noisy
9.91652754590985,-0.49886788875109095,-2.5535495960558983,291.83011338481316,Exp-C,Moderate,G3,Verified
10.01669449081803,-0.53004960552155,-0.16838492247285253,299.82615683532987,Exp-C,Poor,G8,Verified
10.11686143572621,-0.555109700931364,-0.32601249581684916,296.84475617736325,Exp-C,Good,G6,Stable
10.21702838063439,-0.5738344577919863,0.3903661943953757,296.42091137405714,Exp-A,Poor,G16,Stable
10.31719532554257,-0.5860817421963398,-0.1539052269746876,289.25394852800605,Exp-C,Good,G3,Stable
10.417362270450752,-0.5917818482597107,-0.32038505943679435,285.45484420117833,Exp-A,Poor,G20,Stable
10.517529215358932,-0.5909375404254099,-1.7793989305072206,287.8675423292485,Exp-B,Good,G11,Verified
10.617696160267112,-0.5836233008690369,-0.9399678291500665,282.21329548653387,Exp-B,Moderate,G2,Stable
10.717863105175292,-0.5699837981744641,0.4766510408005575,287.9252296729431,Exp-A,Poor,G2,Noisy
10.818030050083472,-0.5502316018305307,1.7159076311326944,280.3680359050152,Exp-C,Good,G12,Noisy
10.918196994991654,-0.5246441751206978,-0.09752538374562343,305.0903360254391,Exp-A,Good,G5,Noisy
11.018363939899833,-0.49356018656414125,0.3278110735741233,292.6550162955073,Exp-A,Good,G18,Verified
11.118530884808013,-0.4573751871371015,0.9524781569528054,318.92578845707635,Exp-A,Poor,G4,Noisy
11.218697829716193,-0.41653670698545164,-0.8108939362002497,287.74868203105194,Exp-C,Moderate,G5,Noisy
11.318864774624375,-0.37153883116812886,0.36681404328544226,293.83314281238376,Exp-C,Moderate,G16,Verified
11.419031719532555,-0.3229163190889682,-0.7404901063321585,294.3136463456613,Exp-A,Poor,G8,Stable
11.519198664440735,-0.2712383366325033,0.8648244384910113,280.3380598424984,Exp-B,Poor,G11,Stable
11.619365609348915,-0.21710187357732952,0.15140304795173262,313.5683181215784,Exp-A,Poor,G18,Stable
11.719532554257096,-0.16112492158752348,0.2984518139814398,281.279778405773,Exp-B,Poor,G12,Stable
11.819699499165276,-0.1039394899568799,-0.7825985974185891,317.60719338916965,Exp-B,Poor,G15,Stable
11.919866444073456,-0.04618453729022464,0.7070323596107849,315.6829740437448,Exp-C,Good,G7,Verified
12.020033388981636,0.011501102551596453,2.084712921231016,301.42087664343853,Exp-B,Good,G1,Noisy
12.120200333889816,0.06848572263424628,-1.0079116954282061,301.7438229964517,Exp-A,Moderate,G13,Stable
12.220367278797998,0.1241515972125316,-0.3397590076475238,306.15111691824626,Exp-A,Poor,G12,Noisy
12.320534223706177,0.17790161440532776,0.23160747416809183,295.4820004773955,Exp-C,Good,G5,Noisy
12.420701168614357,0.22916561677840921,0.7864062119958165,305.8888913359142,Exp-B,Good,G9,Noisy
12.520868113522537,0.2774063832356609,-0.5595462852894689,281.7907355475395,Exp-A,Good,G2,Verified
12.621035058430719,0.3221251902151902,-2.83303029014274,282.16190509398905,Exp-B,Moderate,G16,Stable
12.721202003338899,0.3628668954168535,1.359189494164025,298.2892167847818,Exp-B,Poor,G15,Verified
12.821368948247079,0.3992244930879342,0.7605061195841426,301.9848920442414,Exp-C,Moderate,G18,Noisy
12.921535893155259,0.4308430961949891,-1.742947530486665,315.5127056134328,Exp-A,Good,G10,Stable
13.021702838063439,0.45742330753804317,-0.6075687917795559,284.18642535631585,Exp-A,Good,G18,Stable
13.12186978297162,0.4787239489404116,1.5681824295273261,312.9059170877556,Exp-A,Moderate,G16,Verified
13.2220367278798,0.49456412499237684,1.447796418457866,288.4018934916828,Exp-B,Good,G7,Verified
13.32220367278798,0.5048246053565498,0.9386400226789446,295.7633459404013,Exp-C,Moderate,G19,Noisy
13.42237061769616,0.5094485172726285,-0.17611243395986265,292.66409739309654,Exp-A,Good,G6,Noisy
13.522537562604342,0.5084413475447722,0.08298741881250997,296.00621091461596,Exp-C,Poor,G18,Noisy
13.622704507512521,0.5018702608719843,-0.1309258051261265,286.0198199229034,Exp-C,Good,G12,Noisy
13.722871452420701,0.48986274880832587,1.1282397832688376,300.1428029761422,Exp-C,Poor,G11,Stable
13.823038397328881,0.47260463083558985,-0.8758424064951101,312.0657035932547,Exp-B,Moderate,G15,Verified
13.923205342237061,0.45033743591962644,-0.8057996548842047,297.66136041515585,Exp-B,Moderate,G9,Verified
14.023372287145243,0.4233551994303981,1.0102745868360157,299.62454303592796,Exp-C,Poor,G20,Stable
14.123539232053423,0.3920007163674719,-0.044361455511561634,313.95070341125256,Exp-C,Poor,G18,Stable
14.223706176961603,0.35666129738502944,1.378467355453808,308.24232458552126,Exp-B,Poor,G6,Verified
14.323873121869783,0.3177640790978102,-0.6715122069805457,299.61817634079136,Exp-A,Moderate,G3,Noisy
14.424040066777964,0.2757709445226415,-0.0547783603388251,290.3078259275672,Exp-C,Poor,G17,Verified
14.524207011686144,0.23117311322754608,-0.9224129848439533,315.39706987379867,Exp-B,Poor,G5,Verified
14.624373956594324,0.1844854637876053,0.007362681423567135,303.0808160676223,Exp-C,Good,G15,Verified
14.724540901502504,0.13624065345754974,-1.478546936998799,288.84590440442776,Exp-A,Good,G10,Stable
14.824707846410686,0.0869831015471641,-0.4876334209549628,290.76479010552043,Exp-A,Poor,G9,Stable
14.924874791318866,0.03726290381716414,-1.4362538649281178,312.12532355744986,Exp-C,Moderate,G18,Stable
15.025041736227045,-0.012370254701525986,0.6939232331912581,281.7658224834982,Exp-A,Moderate,G12,Stable
15.125208681135225,-0.061373121716661545,0.7165893397596517,319.6836874811528,Exp-C,Good,G15,Stable
15.225375626043405,-0.10921476914304207,-1.730262730484345,285.2140671885917,Exp-A,Good,G1,Verified
15.325542570951587,-0.15538229074423998,1.3338857455005728,311.8427410158775,Exp-B,Poor,G17,Noisy
15.425709515859767,-0.19938624541724473,2.497415126419854,295.7910126708673,Exp-C,Poor,G13,Stable
15.525876460767947,-0.24076578898133455,0.04600638673634095,299.68864733149866,Exp-C,Moderate,G6,Stable
15.626043405676127,-0.27909344131682484,-0.6411142602246448,315.22602309858314,Exp-B,Good,G1,Stable
15.726210350584308,-0.3139794402267389,2.8243305910030463,296.51644758356855,Exp-A,Good,G20,Verified
15.826377295492488,-0.34507563840976524,-1.3189684983025107,301.4997501469294,Exp-B,Poor,G12,Verified
15.926544240400668,-0.37207890537632815,0.020106466869098387,281.9719864963668,Exp-A,Poor,G20,Verified
16.026711185308848,-0.39473400194723035,0.17962227263192343,280.09389895469815,Exp-A,Poor,G8,Noisy
16.12687813021703,-0.41283590107884277,1.3451476204524146,289.79199492006904,Exp-C,Poor,G11,Noisy
16.227045075125208,-0.42623153509032763,0.35973897512678843,307.2233237167507,Exp-B,Good,G3,Stable
16.32721202003339,-0.43482095585521685,-0.4986338957884514,284.85059573436547,Exp-B,Poor,G18,Stable
16.42737896494157,-0.43855790108917403,-0.9511843703879561,284.550478352182,Exp-B,Good,G13,Stable
16.52754590984975,-0.4374497664450776,-0.34182182024613555,296.4384243214361,Exp-B,Poor,G7,Noisy
16.62771285475793,-0.43155698964348277,-1.0069273609451441,305.91348154432904,Exp-A,Good,G17,Stable
16.72787979966611,-0.4209918592501963,0.04782531978468294,308.48287968991724,Exp-C,Moderate,G16,Stable
16.82804674457429,-0.4059167668944962,-0.5641961798604865,287.138026963935,Exp-C,Good,G18,Verified
16.928213689482472,-0.3865419276356871,-1.4940377932897506,283.1835258948817,Exp-B,Poor,G5,Noisy
17.02838063439065,-0.36312259877002206,1.2551457883749038,317.61588135782176,Exp-C,Good,G20,Verified
17.128547579298832,-0.3359558325666241,-0.4976725234290394,290.42665530248405,Exp-C,Good,G10,Verified
17.22871452420701,-0.3053768031767948,-1.2681368049753126,314.1338599043489,Exp-A,Good,G11,Verified
17.328881469115192,-0.2717547522282519,-0.16825913448754154,314.53965801851274,Exp-A,Moderate,G14,Verified
17.429048414023374,-0.235488601352505,0.06837156596765875,310.90090367050175,Exp-C,Moderate,G11,Verified
17.529215358931552,-0.1970022830640475,-1.7464667255790336,286.75334426610283,Exp-B,Moderate,G4,Verified
17.629382303839733,-0.15673984398524088,0.33164766712576277,312.872058370168,Exp-B,Poor,G4,Verified
17.729549248747915,-0.11516037636835016,-1.0471575686902646,310.7700223696635,Exp-A,Moderate,G17,Stable
17.829716193656093,-0.07273283519090423,1.7110288091907877,303.8689196042487,Exp-C,Moderate,G3,Noisy
17.929883138564275,-0.029930798784107048,0.5239605120767348,293.4880814067581,Exp-C,Poor,G2,Verified
18.030050083472453,0.012772769004552566,-0.39989999010931654,290.5003441706618,Exp-C,Good,G5,Verified
18.130217028380635,0.054910697708293904,-0.7451677703173505,284.87556848321435,Exp-A,Poor,G6,Noisy
18.230383973288816,0.09602667400971486,-0.10496770756362395,300.3902826760349,Exp-A,Good,G2,Stable
18.330550918196995,0.13568013601536472,0.6127907415832897,303.41043502039383,Exp-C,Poor,G7,Stable
18.430717863105176,0.1734509460704241,-0.02549412858519966,294.3735596206315,Exp-B,Poor,G4,Noisy
18.530884808013354,0.20894379309345149,-0.21715880713685662,299.01436270723474,Exp-B,Good,G16,Noisy
18.631051752921536,0.24179227886494722,0.058370290817895645,294.5405782947707,Exp-A,Good,G7,Noisy
18.731218697829718,0.2716626466223927,-0.6038589312369547,305.640242292828,Exp-B,Poor,G4,Noisy
18.831385642737896,0.29825711465083937,-0.3432059268430377,316.05036831186254,Exp-B,Moderate,G2,Stable
18.931552587646078,0.32131678226035665,-2.085792438905004,286.5568104818778,Exp-C,Poor,G19,Noisy
19.03171953255426,0.34062408055449267,0.9737262308523678,295.25635239612495,Exp-C,Poor,G13,Verified
19.131886477462437,0.3560047456593352,0.2987977803217619,285.63474415803444,Exp-B,Poor,G16,Stable
19.23205342237062,0.3673292975404742,-0.7734558440334302,304.99775081631327,Exp-A,Moderate,G17,Noisy
19.332220367278797,0.3745140131235177,1.8987349813552388,309.1548203795438,Exp-C,Moderate,G20,Noisy
19.43238731218698,0.37752138809012314,0.08701648039238655,317.27650930389825,Exp-B,Moderate,G19,Stable
19.53255425709516,0.3763600873831729,-1.0361435719751968,291.1548770504386,Exp-C,Good,G9,Stable
19.63272120200334,0.3710843900595721,0.8567374214704584,318.0084482346172,Exp-C,Poor,G2,Verified
19.73288814691152,0.3617931396163396,0.3980482165092625,282.530506872827,Exp-B,Good,G12,Noisy
19.8330550918197,0.3486282162261799,0.39457998548421935,304.1205545345835,Exp-B,Moderate,G8,Noisy
19.93322203672788,0.33177255239613945,-0.4257556046515905,282.2853087737332,Exp-A,Moderate,G20,Verified
20.03338898163606,0.31144771835390084,0.4504957237780347,315.7509675104778,Exp-B,Poor,G3,Noisy
20.13355592654424,0.28791110792110525,-0.26175829022109454,301.19236228280215,Exp-C,Good,G1,Verified
20.23372287145242,0.2614527597063107,0.5559414516458422,306.77393403051184,Exp-A,Moderate,G7,Stable
20.3338898163606,0.23239185210096716,-1.9049444540106388,313.26295703641813,Exp-B,Good,G16,Verified
20.43405676126878,0.20107291375425454,-0.4338734629791891,286.01242489935873,Exp-C,Moderate,G3,Stable
20.534223706176963,0.1678617939064524,1.7221550978081948,281.54366247752534,Exp-A,Poor,G15,Verified
20.63439065108514,0.1331414391507847,-0.7670674554003005,315.1552458365141,Exp-A,Good,G2,Stable
20.734557595993323,0.09730752485164938,-0.6038382974931866,292.5973290983573,Exp-A,Poor,G12,Stable
20.834724540901504,0.06076399055983679,-0.4479613384499751,285.1591563170866,Exp-C,Good,G18,Verified
20.934891485809683,0.023918529326046132,-1.2148061358886433,298.73844948348346,Exp-C,Poor,G14,Verified
21.035058430717864,-0.01282191917793865,-2.208280776228252,303.93224302784074,Exp-A,Moderate,G12,Verified
21.135225375626042,-0.049055622360224795,-0.23058639852361285,281.2388241369004,Exp-C,Moderate,G2,Verified
21.235392320534224,-0.08439040693678797,0.13585942408165688,290.99582633028353,Exp-A,Good,G20,Stable
21.335559265442406,-0.1184478629850739,-0.05250506853865217,281.3119949710758,Exp-A,Poor,G9,Noisy
21.435726210350584,-0.15086735521171726,-0.14487856194788684,296.81341556781996,Exp-C,Moderate,G17,Verified
21.535893155258766,-0.1813097993809703,0.043040870850387644,315.8040011626498,Exp-C,Poor,G2,Verified
21.636060100166944,-0.20946116484409447,1.022841471550764,319.3060964597428,Exp-A,Poor,G3,Verified
21.736227045075125,-0.23503566750193175,-0.19044618592921678,305.4819021401451,Exp-C,Moderate,G10,Verified
21.836393989983307,-0.2577786212821323,-0.5740825770872696,286.46550775138365,Exp-B,Poor,G3,Noisy
21.936560934891485,-0.277468920274255,-0.2811254848880863,316.2339755999722,Exp-A,Moderate,G7,Noisy
22.036727879799667,-0.2939211279926437,0.5793467597567757,300.64991292800244,Exp-A,Moderate,G17,Verified
22.13689482470785,-0.30698715477848554,1.4120268785432495,286.14997248411674,Exp-C,Poor,G4,Noisy
22.237061769616027,-0.3165575090568722,-0.6281437391691783,316.86906677806644,Exp-C,Moderate,G4,Noisy
22.33722871452421,-0.32256211297880494,0.09893378702888371,310.2987620289241,Exp-C,Good,G8,Verified
22.437395659432386,-0.3249706778480432,0.3383574419359596,309.26821090892605,Exp-B,Moderate,G18,Verified
22.537562604340568,-0.32379263960454474,-0.9925780067288229,308.3672281517762,Exp-C,Moderate,G13,Verified
22.63772954924875,-0.31907665945656605,0.02041716721291813,288.0135928438577,Exp-A,Poor,G7,Noisy
22.737896494156928,-0.3109096994699346,-1.465673857342095,288.44026766830103,Exp-C,Moderate,G7,Stable
22.83806343906511,-0.2994156874849228,-1.7690503037393988,307.5317199370902,Exp-C,Poor,G17,Verified
22.938230383973288,-0.28475379009005636,0.366746407892257,288.78891000441587,Exp-A,Good,G8,Verified
23.03839732888147,-0.26711631649232526,-0.3838747413307828,297.54686787212194,Exp-A,Moderate,G19,Noisy
23.13856427378965,-0.24672627994205015,0.20228040762121913,311.28007302375767,Exp-B,Good,G6,Verified
23.23873121869783,-0.2238346468591334,-0.017894977008350053,311.35810072391365,Exp-C,Moderate,G18,Verified
23.33889816360601,-0.1987173069306342,-0.9764000486637974,298.1304709010344,Exp-B,Good,G18,Verified
23.439065108514193,-0.17167180017696254,-0.045254301964336476,311.6875975310098,Exp-A,Moderate,G14,Noisy
23.53923205342237,-0.14301383928952086,-1.2331013050148552,313.54487184792225,Exp-A,Poor,G4,Noisy
23.639398998330552,-0.11307366740527557,1.3909723580014006,306.19103005137043,Exp-A,Good,G19,Stable
23.73956594323873,-0.08219229288750013,-1.3559703448599638,289.1370340923368,Exp-A,Poor,G12,Verified
23.839732888146912,-0.05071764361598072,-0.19578527096858134,290.9604712154219,Exp-A,Poor,G15,Stable
23.939899833055094,-0.019000683748772305,-1.0422715880472484,292.59364621634944,Exp-B,Good,G14,Verified
24.040066777963272,0.012608464099203695,0.5704211733607956,284.6721643093581,Exp-C,Moderate,G4,Noisy
24.140233722871454,0.04376434880279724,-0.33143137128150285,290.9263848147978,Exp-A,Moderate,G6,Stable
24.24040066777963,0.07412993128862529,-0.5186667196212101,288.3807689725013,Exp-C,Moderate,G6,Stable
24.340567612687813,0.10338019559615011,0.8532015450515544,298.2131499923441,Exp-A,Poor,G18,Stable
24.440734557595995,0.13120559214109567,0.029430591677552183,316.3375019148906,Exp-B,Poor,G13,Stable
24.540901502504173,0.15731527710568488,0.5166444459359673,284.17921267015834,Exp-B,Good,G17,Noisy
24.641068447412355,0.18144011447476127,-0.9813259365174648,308.8107169578958,Exp-B,Poor,G11,Verified
24.741235392320533,0.2033354101726251,-1.404816943927507,307.4913201765251,Exp-B,Moderate,G6,Stable
24.841402337228715,0.22278335099678157,0.10720796204013365,283.8301679465343,Exp-C,Good,G18,Verified
24.941569282136896,0.23959512455318974,-0.3188463554947312,316.902896196232,Exp-B,Moderate,G20,Stable
25.041736227045075,0.25361270013188575,0.6264346724539442,302.73888808627277,Exp-B,Good,G15,Verified
25.141903171953256,0.26471025437885004,-0.0799084526625497,294.5490208454274,Exp-B,Moderate,G12,Noisy
25.242070116861438,0.2727952296749354,0.2050753392346299,310.26154333981225,Exp-A,Poor,G11,Noisy
25.342237061769616,0.27780901727971785,-1.6233825299412434,290.29461833606535,Exp-B,Poor,G18,Stable
25.442404006677798,0.27972726149094135,1.8884369396142566,307.74039348185283,Exp-C,Moderate,G11,Noisy
25.542570951585976,0.2785597852623291,-0.16424198503203188,281.5884483028899,Exp-A,Good,G12,Noisy
25.642737896494157,0.2743501418680069,0.697586970339199,313.57632150437087,Exp-C,Poor,G14,Verified
25.74290484140234,0.2671748012556479,-0.8360916702196265,297.92683388085277,Exp-A,Good,G14,Verified
25.843071786310517,0.257141983649151,0.3080099022173409,305.46771657431765,Exp-C,Moderate,G11,Stable
25.9432387312187,0.24439015670362504,-1.3028447635247453,288.8495127922673,Exp-C,Moderate,G20,Stable
26.043405676126877,0.2290862160413808,0.452067838259671,307.0829485063379,Exp-C,Moderate,G8,Verified
26.14357262103506,0.21142337227104716,-0.3559740843858328,310.88961103573104,Exp-A,Good,G19,Stable
26.24373956594324,0.19161877057944995,0.029190503935567446,298.928527475376,Exp-C,Poor,G18,Verified
26.34390651085142,0.1699108716576244,0.6979740301300975,304.7090769624718,Exp-C,Moderate,G7,Noisy
26.4440734557596,0.1465566250521322,-1.2325403112202802,298.25303695289597,Exp-A,Good,G13,Noisy
26.544240400667782,0.12182846799857086,-0.684491730612797,315.7636547703138,Exp-C,Poor,G18,Stable
26.64440734557596,0.09601118437792606,0.4573242810867655,299.91476722057274,Exp-A,Poor,G9,Noisy
26.74457429048414,0.06939865962459249,2.098221474546747,313.6723483611528,Exp-B,Good,G12,Noisy
26.84474123539232,0.04229056819846978,-0.13808233466148176,312.05408233080993,Exp-C,Moderate,G15,Verified
26.9449081803005,0.014989030607920636,0.5911361179239325,296.4201928539343,Exp-A,Poor,G15,Verified
27.045075125208683,-0.012204723064448999,-0.10697146985848006,289.203379674299,Exp-B,Good,G13,Noisy
27.14524207011686,-0.03899364662080615,1.9422455947562995,296.24328530239086,Exp-C,Good,G1,Stable
27.245409015025043,-0.06508809251499748,-1.7472216669652556,313.04869503100883,Exp-B,Poor,G2,Stable
27.34557595993322,-0.0902089134687097,0.094621044669358,289.1053014327757,Exp-C,Good,G10,Verified
27.445742904841403,-0.11409041806213797,-1.625544033562061,300.97745383431,Exp-A,Moderate,G20,Noisy
27.545909849749584,-0.13648314935292175,-2.5065715705367166,312.2438699184299,Exp-B,Good,G1,Noisy
27.646076794657763,-0.15715645782564522,0.29746205311781654,294.13909900513517,Exp-B,Good,G17,Noisy
27.746243739565944,-0.17590084251495464,0.13949779614745886,305.6883854801079,Exp-B,Good,G5,Verified
27.846410684474122,-0.1925300369474908,-0.28483693774220137,289.8252629619526,Exp-B,Good,G10,Verified
27.946577629382304,-0.20688281957813598,-0.10619409003975315,284.3711778147264,Exp-C,Poor,G1,Verified
28.046744574290486,-0.2188245316189535,3.0982994340712575,311.7753690037143,Exp-A,Moderate,G10,Stable
28.146911519198664,-0.22824828853744725,-0.2581751380314344,283.9587449363483,Exp-B,Good,G8,Stable
28.247078464106846,-0.2350758749958008,0.5101243612500749,290.85525580318335,Exp-A,Good,G7,Stable
28.347245409015027,-0.23925831657507693,-0.6493648196138809,314.2043768798976,Exp-C,Good,G11,Noisy
28.447412353923205,-0.2407761252380492,0.29523257504060313,293.8587714831467,Exp-A,Good,G1,Noisy
28.547579298831387,-0.23963921909144595,-0.23823367505561752,318.9218139805664,Exp-A,Poor,G9,Verified
28.647746243739565,-0.2358865205733984,-0.41051848272973,319.1893733909544,Exp-C,Poor,G18,Noisy
28.747913188647747,-0.22958524067613129,1.8188985322003248,290.7310408181423,Exp-B,Moderate,G17,Noisy
28.84808013355593,-0.22082986018003245,1.177184963184339,281.6391288899956,Exp-C,Poor,G18,Stable
28.948247078464107,-0.2097408220874495,0.13674664739923068,308.20253136821515,Exp-B,Good,G19,Verified
29.04841402337229,-0.1964629524692231,-2.304211935943967,298.03946010593376,Exp-C,Poor,G19,Stable
29.148580968280466,-0.18116362974277264,-0.3610092232525697,284.03011375838304,Exp-A,Good,G5,Noisy
29.248747913188648,-0.16403072495892734,2.7030275644050836,308.30091275912173,Exp-B,Moderate,G4,Stable
29.34891485809683,-0.14527033796007288,-0.23066166663970813,281.24699636447684,Exp-C,Moderate,G2,Verified
29.449081803005008,-0.12510435626220887,1.1032175720536581,314.80786761968966,Exp-C,Poor,G15,Noisy
29.54924874791319,-0.10376786518933134,1.4419424019526008,285.54610116453216,Exp-C,Moderate,G12,Verified
29.64941569282137,-0.08150643913491394,0.21896391585597508,285.092475149869,Exp-B,Moderate,G5,Noisy
29.74958263772955,-0.058573344830692826,-0.8418216318681523,287.0268919187434,Exp-A,Poor,G5,Noisy
29.84974958263773,-0.0352266881598347,-2.4353123317828884,318.41065433968265,Exp-C,Moderate,G9,Noisy
29.94991652754591,-0.011726536356160626,0.6841632086089545,307.72677441015384,Exp-C,Moderate,G12,Verified
30.05008347245409,0.01166795261641556,-0.8147560028235481,312.05486141854544,Exp-A,Good,G19,Stable
30.150250417362273,0.03470136210568862,0.17615045188769213,295.90539942931014,Exp-A,Poor,G8,Verified
30.25041736227045,0.05712477957150295,-1.2498203395893641,293.4525091001982,Exp-A,Moderate,G8,Noisy
30.350584307178632,0.07869846054664816,-0.2652375404702022,289.3793602713268,Exp-A,Moderate,G9,Verified
30.45075125208681,0.09919436553886164,0.033719054901053244,299.22592113249635,Exp-C,Good,G10,Verified
30.550918196994992,0.11839854332867558,0.26859358104429787,302.07314934136673,Exp-C,Poor,G3,Verified
30.651085141903174,0.13611333606634993,-1.1148221873524142,305.2709937461102,Exp-B,Good,G19,Noisy
30.751252086811352,0.15215938376986332,1.1969109487613523,290.2847401599478,Exp-C,Good,G13,Verified
30.851419031719534,0.16637740824831235,-0.5968947847319713,317.9461632361196,Exp-C,Poor,G19,Verified
30.951585976627715,0.1786297590922609,-1.6744694604532453,286.79033992828545,Exp-A,Moderate,G7,Stable
31.051752921535893,0.1888017071540287,-0.1090234199634638,318.6261269906565,Exp-B,Moderate,G3,Stable
31.151919866444075,0.19680247385440303,0.03437530902646009,280.59424490030017,Exp-A,Poor,G11,Verified
31.252086811352253,0.20256598766460068,0.16058943317175978,299.2450276726738,Exp-C,Good,G16,Verified
31.352253756260435,0.2060513621894569,1.3621324036850793,293.3347135246625,Exp-C,Poor,G6,Noisy
31.452420701168617,0.207243093385416,-0.23644883673585937,297.96493655721,Exp-C,Moderate,G16,Noisy
31.552587646076795,0.2061509765505513,-0.11961962436877134,302.8265831592316,Exp-B,Moderate,G19,Stable
31.652754590984976,0.2028097467895876,-1.1031843812330935,297.42356632050837,Exp-A,Poor,G4,Stable
31.752921535893154,0.19727844965148486,0.820553502887897,296.5938740120638,Exp-B,Good,G20,Noisy
31.853088480801336,0.18963955152846382,0.18430906407810346,309.30893661653226,Exp-C,Moderate,G10,Stable
31.953255425709518,0.17999780216273334,-0.42002772729416255,307.43505100345857,Exp-C,Good,G2,Noisy
32.053422370617696,0.16847886420173055,-1.9046746934654637,313.3308512814339,Exp-A,Poor,G19,Noisy
32.15358931552588,0.15522772714757938,1.4444121950550874,289.99835924957983,Exp-A,Poor,G13,Verified
32.25375626043406,0.14040692523724488,-1.2276799644560572,304.38114039016256,Exp-A,Moderate,G3,Verified
32.35392320534224,0.12419458074461895,-0.5912780093697056,303.40779141571414,Exp-A,Moderate,G2,Stable
32.454090150250416,0.10678229589544716,0.35834451107600324,294.7895124349076,Exp-C,Poor,G11,Verified
32.5542570951586,0.08837291801450002,-1.1965579286166865,299.44230167610726,Exp-B,Good,G12,Verified
32.65442404006678,0.0691782036687525,-1.4935097782531435,292.55128573222913,Exp-A,Good,G14,Noisy
32.75459098497496,0.049416408420843355,-2.123947582700665,285.6737759046794,Exp-A,Poor,G14,Stable
32.85475792988314,0.029309829357353295,0.7209969529056358,288.5520484265093,Exp-A,Good,G4,Verified
32.95492487479132,0.009082327803420779,-0.5451862447263219,284.22054585604803,Exp-C,Moderate,G8,Stable
33.0550918196995,-0.011043140420775534,2.92727009247333,307.322783007605,Exp-C,Poor,G20,Noisy
33.15525876460768,-0.03084696020145308,-0.9943550656308734,306.42909572436605,Exp-A,Good,G1,Verified
33.25542570951586,-0.05011523143817659,-0.9214510234289213,318.0242548631949,Exp-C,Moderate,G13,Noisy
33.35559265442404,-0.06864205703409482,-0.5653929702854015,309.18713654588964,Exp-B,Moderate,G2,Verified
33.45575959933222,-0.08623172034693143,0.2431346551384891,282.0818335502453,Exp-C,Poor,G10,Stable
33.5559265442404,-0.10270072933141246,-0.47020333878531134,315.3698069571582,Exp-C,Moderate,G17,Noisy
33.65609348914858,-0.11787970629219481,0.612332214002512,314.50700651782904,Exp-A,Good,G2,Noisy
33.75626043405676,-0.13161510406901258,-0.9785883899886544,297.73281283090796,Exp-B,Poor,G11,Stable
33.856427378964945,-0.14377073156969525,-1.381591718463581,303.4345220211169,Exp-C,Moderate,G18,Noisy
33.95659432387312,-0.15422907382707332,-1.7982147394091075,319.0431332989008,Exp-A,Good,G19,Stable
34.0567612687813,-0.1628923941561315,-2.2235741679371968,301.29217455392666,Exp-B,Moderate,G5,Noisy
34.15692821368948,-0.16968360850039133,-0.5180690194750568,316.2128731350436,Exp-A,Moderate,G11,Noisy
34.257095158597664,-0.17454692465273303,-0.3009803123932219,283.32155031240745,Exp-A,Poor,G17,Noisy
34.357262103505846,-0.17744824168641476,-0.6314370274831833,287.64207474834734,Exp-C,Moderate,G8,Stable
34.45742904841402,-0.17837530760730613,1.243405797187162,297.63019773765274,Exp-C,Moderate,G5,Verified
34.5575959933222,-0.17733763590875742,1.228030209608135,303.3902723334922,Exp-B,Good,G2,Noisy
34.657762938230384,-0.1743661843468434,-0.3348029874445019,312.649114074512,Exp-B,Moderate,G13,Stable
34.757929883138566,-0.16951280182738948,-1.793921113191963,319.53048460572745,Exp-B,Moderate,G15,Stable
34.85809682804675,-0.1628494517796222,-0.5667051080550528,295.55405985896465,Exp-A,Good,G20,Noisy
34.95826377295493,-0.15446722275815475,-0.5998213939170615,281.8966254456034,Exp-C,Moderate,G19,Stable
35.058430717863104,-0.14447513924053812,-0.657134962278058,312.046860131813,Exp-C,Poor,G17,Stable
35.158597662771285,-0.13299878764878917,-0.6977189038982449,304.1752287633123,Exp-A,Moderate,G3,Stable
35.25876460767947,-0.12017877449919263,-0.6534628957248072,287.94171435472805,Exp-A,Moderate,G8,Noisy
35.35893155258765,-0.1061690352565405,-0.38654161589775976,299.7931382648568,Exp-B,Moderate,G14,Verified
35.45909849749583,-0.09113501392053305,-0.6355410988155566,309.692409821349,Exp-C,Moderate,G10,Stable
35.559265442404005,-0.07525173458960019,0.20832250862559215,310.8164714827457,Exp-A,Moderate,G13,Noisy
35.65943238731219,-0.05870178721987201,0.3603687159048611,299.98473647995047,Exp-A,Good,G5,Verified
35.75959933222037,-0.04167325051628652,-0.9106450871824898,292.20858120515436,Exp-B,Poor,G5,Stable
35.85976627712855,-0.02435757535339253,1.2710653260070335,318.94970328153977,Exp-B,Good,G11,Stable
35.95993322203673,-0.006947452322935735,-0.9800623018406142,306.5345044382597,Exp-B,Poor,G3,Noisy
36.060100166944906,0.0103653130558597,-1.6178006138153371,296.3295007738519,Exp-B,Poor,G16,Noisy
36.16026711185309,0.027391894245981863,0.3807780713650517,291.2185289681861,Exp-C,Good,G19,Verified
36.26043405676127,0.04394848407489364,-0.8174081344143398,309.2441193201425,Exp-C,Good,G2,Verified
36.36060100166945,0.059858259754498606,0.321291470757388,289.6873378237507,Exp-B,Poor,G18,Noisy
36.46076794657763,0.07495325174774725,-2.4036686011005304,286.86839955894754,Exp-C,Moderate,G13,Noisy
36.56093489148581,0.08907609695215121,1.3924559414830675,301.19335555848284,Exp-C,Good,G9,Stable
36.66110183639399,0.10208165813333386,0.6722934080404022,291.59949570576566,Exp-A,Poor,G3,Stable
36.76126878130217,0.11383849318809117,-1.5004765491630017,305.1562057969446,Exp-C,Moderate,G13,Verified
36.86143572621035,0.12423015962638735,-1.4787771238462857,284.7175469949693,Exp-C,Moderate,G17,Verified
36.961602671118534,0.13315634161379605,1.6722659040975276,306.19764418269284,Exp-B,Good,G14,Stable
37.06176961602671,0.14053378898730023,-0.7373799034979586,291.33186111990807,Exp-B,Good,G5,Stable
37.16193656093489,0.14629705982418648,-0.8341848487326238,280.0097173773805,Exp-B,Poor,G5,Verified
37.26210350584307,0.15039906038130474,-2.2660520941492828,285.07744230696704,Exp-A,Good,G16,Stable
37.362270450751254,0.15281137850497897,-0.35077820560155415,317.34461511340373,Exp-A,Moderate,G18,Noisy
37.462437395659435,0.15352440891486957,-0.22771961483575284,314.6941855646143,Exp-B,Good,G7,Noisy
37.56260434056761,0.15254727106264981,0.7154930967694852,289.3443612814495,Exp-A,Good,G16,Verified
37.66277128547579,0.1499075225333412,-1.3990784281844755,311.13487618181966,Exp-A,Moderate,G13,Verified
37.76293823038397,0.14565067316900357,-1.5202867922406096,304.34286372695897,Exp-C,Moderate,G19,Stable
37.863105175292155,0.13983950722749777,0.45096263477647686,318.8361884579948,Exp-C,Good,G7,Stable
37.96327212020034,0.13255322292063512,1.0067300712270648,294.94422638136234,Exp-C,Poor,G18,Noisy
38.06343906510852,0.12388640058492803,-1.571152351117883,307.25842450068683,Exp-B,Poor,G20,Stable
38.16360601001669,0.11394781250468218,1.0815140862997412,282.54142889695675,Exp-B,Poor,G17,Verified
38.263772954924875,0.10285908901333168,0.03754184148682145,295.84989387265625,Exp-B,Poor,G8,Verified
38.363939899833056,0.09075325692875363,1.0918053390746456,318.5527064475272,Exp-A,Moderate,G8,Stable
38.46410684474124,0.07777316761785039,-0.07022036151761657,301.55923497800484,Exp-C,Moderate,G3,Noisy
38.56427378964942,0.06406983302329035,-2.5222779174879504,291.51518013339376,Exp-C,Moderate,G9,Noisy
38.664440734557594,0.04980068881157206,-0.15196738231603887,284.8108385251443,Exp-B,Moderate,G14,Stable
38.764607679465776,0.03512780440958079,1.06014381867127,308.1411336072612,Exp-B,Poor,G11,Stable
38.86477462437396,0.02021606008204549,-0.8937460190837143,305.79424173718905,Exp-B,Poor,G19,Verified
38.96494156928214,0.0052313113627754345,-0.3879649689074522,294.957548544151,Exp-B,Good,G3,Verified
39.06510851419032,-0.009661438911257179,-0.1761335035509783,318.0376540746334,Exp-B,Moderate,G4,Verified
39.165275459098496,-0.02429984099908804,-2.899513879868482,280.88811251951404,Exp-B,Good,G14,Noisy
39.26544240400668,-0.03852595162546745,1.6713475754374763,292.148954065273,Exp-B,Poor,G14,Stable
39.36560934891486,-0.052187921567940755,-0.9013756798971745,316.84277945198323,Exp-C,Good,G12,Verified
39.46577629382304,-0.06514159961621051,0.505735432472799,292.83741753277764,Exp-A,Good,G12,Noisy
39.56594323873122,-0.07725203615334165,-0.08670113614820872,290.09011335420684,Exp-A,Good,G7,Verified
39.6661101836394,-0.08839487087574593,1.25761905635936,301.3688163972499,Exp-C,Moderate,G11,Stable
39.76627712854758,-0.09845759059336284,0.4060561224280809,312.95206999682154,Exp-C,Moderate,G12,Noisy
39.86644407345576,-0.10734064461586161,-0.23492427152097461,284.12587043513446,Exp-A,Poor,G20,Stable
39.96661101836394,-0.11495840691647286,-0.8935150925192802,317.72082838582946,Exp-B,Good,G1,Stable
40.06677796327212,-0.12123997605253448,0.7978507013821389,311.8029152472466,Exp-A,Moderate,G10,Noisy
40.1669449081803,-0.12612980569038912,-1.8734413039546167,287.2500102220621,Exp-C,Poor,G6,Noisy
40.26711185308848,-0.12958816051061167,0.6458904202758925,308.4803184479265,Exp-A,Moderate,G12,Verified
40.36727879799666,-0.13159139423593813,-1.0990447515548727,295.3983489055023,Exp-B,Moderate,G20,Noisy
40.46744574290484,-0.13213204850677004,1.25228366195664,296.09178712305277,Exp-C,Moderate,G15,Noisy
40.567612687813025,-0.13121877330586026,0.1612995426626951,311.33160369755467,Exp-C,Moderate,G20,Verified
40.6677796327212,-0.1288760715831107,0.6441237678501087,318.5113923192293,Exp-A,Poor,G5,Stable
40.76794657762938,-0.12514387263226442,0.08198881382471937,285.06623491388774,Exp-C,Poor,G15,Noisy
40.86811352253756,-0.1200769406032656,-1.7523770951409967,296.82520947515275,Exp-A,Moderate,G2,Stable
40.968280467445744,-0.11374412627781744,-0.8607291633953384,299.23766432337214,Exp-A,Moderate,G8,Stable
41.068447412353926,-0.10622747187294176,0.6723893376113824,295.05247267819993,Exp-C,Good,G7,Noisy
41.16861435726211,-0.09762118015125022,0.166655817359844,294.527564948649,Exp-C,Moderate,G12,Stable
41.26878130217028,-0.08803046049180752,1.180989905305672,282.0907467024639,Exp-A,Good,G5,Stable
41.368948247078464,-0.07757026579820933,0.40327456303717174,307.4215448225049,Exp-C,Moderate,G3,Verified
41.469115191986646,-0.06636393517892708,-0.9667018907026598,297.4485766848018,Exp-C,Poor,G4,Verified
41.56928213689483,-0.05454175821912038,-0.796064137720634,287.7917521057571,Exp-B,Poor,G2,Verified
41.66944908180301,-0.042239477365032474,0.10291739052323721,312.6413400920827,Exp-C,Good,G8,Stable
41.769616026711184,-0.02959674545588418,-2.3140440660001054,312.1024299260651,Exp-A,Poor,G20,Stable
41.869782971619365,-0.01675555576011001,1.6734418856229851,299.4556651235558,Exp-A,Poor,G5,Verified
41.96994991652755,-0.003858662001220441,0.44174673637755724,291.9380264459104,Exp-C,Poor,G10,Noisy
42.07011686143573,0.008951994205954673,1.2270345970488723,305.5237090318581,Exp-B,Poor,G1,Verified
42.17028380634391,0.02153683134275218,-1.580603940809169,291.52608543109613,Exp-C,Poor,G11,Noisy
42.270450751252085,0.03376013467251489,1.2445651603552557,289.44031721294846,Exp-C,Good,G4,Noisy
42.37061769616027,0.04549150551888672,2.2314989110277486,309.22058616105306,Exp-B,Moderate,G10,Stable
42.47078464106845,0.05660723782053872,-1.3208783553773176,281.61300958883805,Exp-C,Moderate,G15,Verified
42.57095158597663,0.06699160759620643,0.7714017949037666,283.79073884138376,Exp-A,Moderate,G16,Noisy
42.67111853088481,0.0765380620518515,0.0011099446872931465,280.2715269609436,Exp-B,Poor,G1,Verified
42.771285475792986,0.08515029629420685,-1.5444338482482443,286.11772745901703,Exp-B,Poor,G11,Stable
42.87145242070117,0.09274320696706925,0.4928839718518698,282.75960034841836,Exp-A,Moderate,G7,Stable
42.97161936560935,0.09924371358247114,0.8336032048373484,319.83209471119676,Exp-C,Poor,G18,Stable
43.07178631051753,0.10459143986125147,-0.6011265526688468,291.5523987981636,Exp-C,Moderate,G7,Noisy
43.17195325542571,0.1087392490088586,1.1659165202552229,285.9707205067699,Exp-B,Good,G7,Verified
43.27212020033389,0.11165362851402873,-1.6667634067891977,289.63985031983674,Exp-A,Moderate,G18,Noisy
43.37228714524207,0.1133149217516168,-1.4947561464496442,317.44502286160537,Exp-B,Poor,G17,Verified
43.47245409015025,0.11371740537741601,0.13659739558875236,300.80640892097585,Exp-C,Moderate,G9,Noisy
43.57262103505843,0.11286921320344168,0.025385277972271716,294.5927238523143,Exp-C,Moderate,G18,Stable
43.672787979966614,0.1107921089183059,-0.7165734884241052,314.93565831636874,Exp-A,Poor,G16,Stable
43.772954924874796,0.10752111165082415,0.8095944359718859,295.7996108219613,Exp-B,Good,G20,Stable
43.87312186978297,0.10310397994840266,0.5308943142159493,293.40034279830786,Exp-B,Good,G5,Noisy
43.97328881469115,0.09760056123839925,0.858139070934016,288.2913009019894,Exp-C,Poor,G1,Verified
44.073455759599334,0.09108201524489107,-0.1231364353522676,295.1118729563765,Exp-A,Moderate,G13,Stable
44.173622704507515,0.08362992113064574,0.6025802679783409,292.667374240677,Exp-C,Moderate,G19,Stable
44.2737896494157,0.07533527931142012,-0.44565030302999453,307.0921583719256,Exp-A,Poor,G17,Noisy
44.37395659432387,0.06629741993529431,2.0538186900865956,291.5833081868291,Exp-C,Poor,G2,Stable
44.47412353923205,0.05662283092343428,-0.8125457701219858,303.0879898569025,Exp-C,Poor,G9,Stable
44.574290484140235,0.046423919221979006,2.105297429458312,282.6356866012789,Exp-A,Moderate,G6,Noisy
44.67445742904842,0.035817719510897565,0.034887947089408566,287.6515662678606,Exp-C,Good,G2,Noisy
44.7746243739566,0.024924565049700444,-1.3755108895687427,296.29621086445394,Exp-A,Good,G10,Stable
44.87479131886477,0.013866735608664747,1.368079350488601,317.4779701563478,Exp-B,Good,G7,Verified
44.974958263772955,0.0027670975364530634,0.125901388394959,295.0900794286278,Exp-A,Moderate,G20,Verified
45.075125208681136,-0.008252249048795133,0.851124098380238,306.5629648479934,Exp-A,Good,G9,Verified
45.17529215358932,-0.019071301185285564,1.2238559185425932,290.2034888968559,Exp-C,Moderate,G2,Verified
45.2754590984975,-0.029573447737696264,0.33795555414502526,285.0813430389293,Exp-C,Moderate,G15,Verified
45.375626043405674,-0.03964671397970894,-0.5922408448128146,282.341464003202,Exp-C,Poor,G1,Verified
45.475792988313856,-0.0491849429440186,0.9757133776692501,292.21653994171004,Exp-A,Moderate,G3,Noisy
45.57595993322204,-0.0580889012190895,0.000755507454595548,286.3064410718763,Exp-C,Poor,G13,Verified
45.67612687813022,-0.0662672978230242,0.685857818608419,286.96041792064494,Exp-C,Moderate,G9,Noisy
45.7762938230384,-0.0736377058511365,-2.1537305737914614,310.430372335478,Exp-B,Poor,G12,Noisy
45.876460767946575,-0.08012737776238986,0.4469817170098519,280.63352283779494,Exp-B,Poor,G4,Noisy
45.97662771285476,-0.08567394642692489,-0.6385858251450302,302.3124050294174,Exp-A,Moderate,G1,Stable
46.07679465776294,-0.09022600538779697,1.6533096371785305,295.1784552237386,Exp-A,Moderate,G10,Verified
46.17696160267112,-0.09374356317944914,0.6230873478890951,300.2619999963419,Exp-B,Moderate,G13,Verified
46.2771285475793,-0.09619836797754315,0.23985774584929662,302.5132094885841,Exp-A,Moderate,G8,Verified
46.37729549248748,-0.09757410031343618,0.48630999335022157,292.53470777829114,Exp-A,Poor,G13,Stable
46.47746243739566,-0.09786643305556648,-0.9984408528767182,291.8043544073714,Exp-B,Poor,G17,Noisy
46.57762938230384,-0.09708295932309313,1.6232566905280539,309.33607397339625,Exp-B,Poor,G4,Verified
46.67779632721202,-0.09524299043833862,1.9913704184169045,314.8510795248463,Exp-A,Moderate,G11,Stable
46.7779632721202,-0.09237722742833071,0.3929135105482163,287.70326529834114,Exp-A,Moderate,G16,Stable
46.878130217028385,-0.08852731093701324,1.5904035685736386,283.90475042140594,Exp-C,Good,G20,Verified
46.97829716193656,-0.08374525569420432,-0.5691481986725339,315.911832255681,Exp-A,Good,G18,Noisy
47.07846410684474,-0.07809277689170956,-0.7971135662249808,293.99581854589593,Exp-C,Good,G3,Stable
47.17863105175292,-0.07164051692874146,0.04092474872892285,302.05269562651256,Exp-B,Good,G6,Noisy
47.278797996661105,-0.0644671819966907,0.43494103836789866,294.38172578080014,Exp-B,Poor,G7,Noisy
47.378964941569286,-0.0566585988673252,-0.3939866812431204,285.03209345384204,Exp-B,Good,G17,Verified
47.47913188647746,-0.048306703019994984,0.5377681903684838,303.57326579790913,Exp-B,Poor,G15,Verified
47.57929883138564,-0.039508469885152234,0.30638948207341404,301.00563407078516,Exp-A,Moderate,G18,Verified
47.679465776293824,-0.030364801487722984,-0.9983067752910549,288.11974236764786,Exp-A,Poor,G1,Noisy
47.779632721202006,-0.02097938114038645,0.5187930174517212,298.07476178609113,Exp-C,Poor,G2,Noisy
47.87979966611019,-0.011457509060991293,0.8635282425215212,311.8779001606258,Exp-B,Poor,G8,Stable
47.97996661101836,-0.0019049318691696964,0.17146931759039094,303.61704412431567,Exp-A,Good,G17,Stable
48.080133555926544,0.007573321144827758,1.1526481032616924,283.8766930826798,Exp-C,Good,G10,Stable
48.180300500834726,0.016874082288785015,-1.217403793496952,301.9208598891654,Exp-C,Good,G11,Verified
48.28046744574291,0.02589715792421809,0.46795042213185173,308.10953197158346,Exp-C,Moderate,G16,Noisy
48.38063439065109,0.034546397230526674,-1.1702807063967748,311.70813623123007,Exp-B,Good,G13,Noisy
48.48080133555926,0.04273070599638248,-1.1140813582330875,305.16470314537065,Exp-C,Good,G6,Noisy
48.580968280467445,0.050364994872230104,-0.63093083373779,286.1063265816313,Exp-B,Good,G1,Stable
48.68113522537563,0.057371052341577675,-0.9420601835742449,308.40693066360643,Exp-C,Moderate,G12,Verified
48.78130217028381,0.06367833359114754,-0.5479958187411378,307.09367384326066,Exp-C,Poor,G12,Verified
48.88146911519199,0.06922465746984977,-0.21415031071118876,280.97707531762535,Exp-C,Good,G12,Noisy
48.981636060100165,0.0739568048119874,0.8371544863313845,296.46990670360975,Exp-A,Good,G10,Noisy
49.08180300500835,0.07783101254845169,-0.32115903870570245,293.31800987849493,Exp-B,Moderate,G8,Noisy
49.18196994991653,0.0808133592277008,-1.5856257067695927,306.77648257014573,Exp-C,Poor,G17,Noisy
49.28213689482471,0.08288003880240674,1.1400678464951604,288.64543249243684,Exp-B,Good,G9,Stable
49.38230383973289,0.08401752079391664,-0.8370901336150396,303.63487691897035,Exp-B,Good,G2,Stable
49.482470784641066,0.08422259621111093,-0.05872042710462872,316.5282384725669,Exp-C,Moderate,G9,Noisy
49.58263772954925,0.08350230985890826,0.4465365069407115,311.9120948883443,Exp-C,Poor,G13,Stable
49.68280467445743,0.08187378091082795,0.1996104184027828,316.8583094486612,Exp-A,Good,G1,Noisy
49.78297161936561,0.07936391482627894,1.0941795475214755,319.1402386773076,Exp-C,Good,G18,Noisy
49.88313856427379,0.07600901085371153,0.4790031433927589,280.42680508024654,Exp-B,Poor,G9,Noisy
49.983305509181974,0.07185427046317051,-0.861309579697108,304.9096510550991,Exp-B,Moderate,G8,Stable
50.08347245409015,0.06695321308462542,2.178562173991662,296.5135759103563,Exp-A,Moderate,G5,Noisy
50.18363939899833,0.061367006481095124,0.19433346333823323,314.39417961340484,Exp-C,Good,G11,Noisy
50.28380634390651,0.055163719948375094,-0.14734022662150623,290.0725880803653,Exp-B,Good,G13,Verified
50.383973288814694,0.0484175092975805,0.9639254230555709,319.24117956460304,Exp-B,Poor,G5,Verified
50.484140233722876,0.041207743235296405,0.24945094593007222,304.5483187817499,Exp-B,Moderate,G3,Stable
50.58430717863105,0.033618081302753594,0.3992281929393271,311.74149608915326,Exp-B,Moderate,G13,Verified
50.68447412353923,0.02573551396522,2.492183998600687,283.4239821129107,Exp-B,Poor,G17,Stable
50.784641068447414,0.017649375752180514,-0.27512142825504665,287.3383153903546,Exp-C,Good,G20,Noisy
50.884808013355595,0.00945034253567384,-0.3177608940173958,310.33614692136814,Exp-A,Good,G8,Verified
50.98497495826378,0.001229424097542074,0.1165785120124638,280.8794608815729,Exp-C,Poor,G14,Stable
51.08514190317195,-0.006923036923141148,1.0715159355810386,312.6751194357513,Exp-A,Good,G8,Noisy
51.18530884808013,-0.014918348791685755,-1.506534030190399,280.5579607476765,Exp-B,Good,G19,Verified
51.285475792988315,-0.02267042653596793,-1.9655558914765052,306.28475356245093,Exp-A,Good,G5,Verified
51.3856427378965,-0.030096709700376447,-0.5871152706201476,294.6037568092722,Exp-A,Poor,G14,Stable
51.48580968280468,-0.03711903231411692,-1.6339229590592872,304.45979410876794,Exp-A,Moderate,G10,Noisy
51.58597662771285,-0.0436644360128263,-0.42483134752563845,307.84125627956456,Exp-C,Moderate,G20,Verified
51.686143572621035,-0.04966591796595821,0.5024996961292902,293.69900876745214,Exp-C,Moderate,G11,Noisy
51.786310517529216,-0.05506310606031132,-0.8907488635522636,284.3184979244334,Exp-B,Moderate,G15,Noisy
51.8864774624374,-0.059802854662794884,-1.4268265767813424,282.7858347099306,Exp-A,Poor,G18,Verified
51.98664440734558,-0.06383975522274979,0.06933716171534797,303.5574409025019,Exp-A,Moderate,G5,Noisy
52.086811352253754,-0.06713655696494732,0.8625434846151703,300.82621414936443,Exp-A,Poor,G7,Stable
52.186978297161936,-0.06966449395737964,-1.6949734385166126,309.6880403648453,Exp-A,Moderate,G5,Verified
52.28714524207012,-0.07140351590138766,0.8202323983059842,300.38942040015746,Exp-B,Good,G19,Stable
52.3873121869783,-0.07234242107358382,0.8173062037383262,296.89783160123517,Exp-C,Poor,G18,Verified
52.48747913188648,-0.07247889093737393,0.954085102156628,295.92348712944926,Exp-C,Poor,G7,Stable
52.587646076794655,-0.07181942702466629,1.2184802148716865,281.0578761039067,Exp-A,Good,G5,Noisy
52.68781302170284,-0.07037919175376685,2.202013924659616,293.4222880678663,Exp-C,Poor,G10,Noisy
52.78797996661102,-0.06818175588598481,-0.3560920486190552,319.04080630097974,Exp-A,Poor,G17,Stable
52.8881469115192,-0.06525875632004204,0.10957158007785811,314.94222304908357,Exp-B,Moderate,G5,Noisy
52.98831385642738,-0.06164946886946303,-0.41643843324802554,293.1751226813687,Exp-B,Poor,G14,Stable
53.088480801335564,-0.05740030155385236,0.0019768447558107757,303.51181620265487,Exp-C,Poor,G5,Verified
53.18864774624374,-0.05256421475123358,1.5328733556363119,313.89186982141973,Exp-A,Poor,G19,Verified
53.28881469115192,-0.04720007529717368,-1.3450144839306688,297.6509734700027,Exp-B,Poor,G6,Noisy
53.3889816360601,-0.041371952269925544,-0.8610496721655755,280.718314550006,Exp-C,Moderate,G11,Noisy
53.48914858096828,-0.035148362762972236,1.3771809365045613,282.9804184727456,Exp-B,Poor,G3,Verified
53.589315525876465,-0.028601476411899533,1.0200365069020898,300.4157088539483,Exp-B,Poor,G18,Noisy
53.68948247078464,-0.02180628780731487,-0.363131646817078,318.77757502703514,Exp-A,Poor,G18,Verified
53.78964941569282,-0.014839766186577587,0.8544020011207198,307.7283816887547,Exp-C,Poor,G4,Verified
53.889816360601,-0.007779991952579023,0.34121584249203324,282.83664765754276,Exp-A,Moderate,G6,Stable
53.989983305509185,-0.0007052896170592855,1.500274609000988,287.5744350316745,Exp-C,Moderate,G11,Stable
54.090150250417366,0.006306633290510148,0.07450959382677262,310.852925728674,Exp-B,Moderate,G5,Verified
54.19031719532554,0.013179531967941232,1.0256321138725824,313.6575903982498,Exp-A,Poor,G1,Verified
54.29048414023372,0.019839445620434177,2.64201191049262,304.70778344754365,Exp-A,Good,G11,Stable
54.390651085141904,0.026215485516053957,0.5980991550474662,305.77692678519264,Exp-A,Good,G14,Verified
54.490818030050086,0.03224058150840157,0.04932816579484362,281.13349801533536,Exp-A,Moderate,G14,Verified
54.59098497495827,0.03785217925642494,0.7224469852209794,313.14121038326033,Exp-C,Moderate,G10,Verified
54.69115191986644,0.042992880989255286,-0.3652808582038849,311.53100832683316,Exp-C,Moderate,G15,Noisy
54.791318864774624,0.047611023354143446,2.387967705524732,290.3614057641339,Exp-A,Moderate,G9,Stable
54.891485809682806,0.051661186639722315,0.18007103769598148,308.3470687986203,Exp-A,Moderate,G5,Verified
54.99165275459099,0.0551046304760294,-0.27293332022551287,288.59418425699994,Exp-C,Good,G7,Verified
55.09181969949917,0.05790965196756766,-0.8356890050200362,281.6132064420605,Exp-C,Moderate,G4,Noisy
55.19198664440734,0.060051863106342994,1.0972201916064384,288.0454617036151,Exp-A,Good,G5,Noisy
55.292153589315525,0.061514385228153716,0.8671874128277388,287.145155070172,Exp-C,Good,G6,Verified
55.39232053422371,0.06228795920714996,-0.4973543714140932,293.5099198693939,Exp-A,Poor,G1,Stable
55.49248747913189,0.062370971020427816,0.5764513451224227,296.7379798870183,Exp-A,Good,G20,Noisy
55.59265442404007,0.06176939324587972,-1.5085559682128564,300.3415556599083,Exp-A,Moderate,G20,Stable
55.692821368948245,0.06049664397251713,0.18497057507315626,299.0701550203331,Exp-B,Moderate,G9,Noisy
55.792988313856426,0.05857336549313247,0.4527563520766945,290.8269842386116,Exp-A,Moderate,G20,Noisy
55.89315525876461,0.056027126004959474,1.7073298095592229,281.166826742963,Exp-C,Poor,G19,Stable
55.99332220367279,0.052892048355891966,-0.7708188027286894,304.204064889486,Exp-B,Good,G20,Verified
56.09348914858097,0.04920837063336696,-1.2783526288023244,295.82979319389415,Exp-C,Poor,G8,Stable
56.19365609348915,0.045021944092404356,-0.8954279609250417,291.946886295502,Exp-C,Moderate,G20,Verified
56.29382303839733,0.04038367455145307,-1.33656850031492,314.6776417132205,Exp-C,Moderate,G8,Verified
56.39398998330551,0.035348913943364,1.336657357758983,309.8697323119264,Exp-A,Moderate,G8,Noisy
56.49415692821369,0.029976809188600604,1.5486392950240366,314.3106219348977,Exp-C,Good,G1,Noisy
56.59432387312187,0.024329615954234426,0.3202165779488289,299.7993117884984,Exp-C,Moderate,G12,Noisy
56.694490818030054,0.018471985171840333,1.221294945685148,285.2372500850711,Exp-C,Moderate,G3,Verified
56.79465776293823,0.012470230407576879,0.13395838058023532,307.8488574448509,Exp-B,Poor,G16,Verified
56.89482470784641,0.0063915843069881064,-0.09511164770076601,288.242951197487,Exp-A,Good,G5,Stable
56.99499165275459,0.00030345237488350673,-0.33303761905376167,297.6491867636687,Exp-A,Good,G17,Stable
57.095158597662774,-0.005727327702460451,-0.3103909913775655,282.60003155795556,Exp-B,Poor,G20,Stable
57.195325542570956,-0.011635213128092492,-1.5478015563090313,313.0123360969193,Exp-C,Moderate,G16,Stable
57.29549248747913,-0.01735666162303719,0.26425476360733907,285.03762564190004,Exp-B,Good,G12,Verified
57.39565943238731,-0.022830808090825994,-0.040333910214043756,316.1239002819724,Exp-B,Moderate,G6,Verified
57.495826377295494,-0.028000105188426255,0.7453607240778758,314.5692240904623,Exp-A,Poor,G13,Stable
57.595993322203675,-0.032810921140838466,0.0935234964386097,298.5833105775698,Exp-A,Moderate,G16,Stable
57.69616026711186,-0.037214088671755095,-0.16270370156909178,309.7747281721596,Exp-B,Moderate,G16,Verified
57.79632721202003,-0.041165399519665274,-0.8711930300076307,304.7778029527261,Exp-C,Good,G5,Stable
57.89649415692821,-0.04462603966044136,0.07215323682176132,312.1230256935098,Exp-A,Good,G6,Noisy
57.996661101836395,-0.04756296105609785,0.738237230816162,297.2722040314365,Exp-C,Poor,G7,Verified
58.09682804674458,-0.04994918648692889,-1.1433389910838607,311.432339369774,Exp-A,Poor,G8,Noisy
58.19699499165276,-0.0517640447921397,0.08747375368073924,298.49827268260594,Exp-C,Poor,G2,Noisy
58.29716193656093,-0.05299333463366663,0.23304295152948393,317.63863151371174,Exp-C,Moderate,G14,Verified
58.397328881469114,-0.053629415700258705,-0.7180647836182643,299.4548840330059,Exp-C,Moderate,G1,Verified
58.497495826377296,-0.05367122707514696,-0.5878563049080002,298.5047708773492,Exp-B,Good,G9,Noisy
58.59766277128548,-0.053124233291877675,0.23061084876621443,311.4028744625405,Exp-A,Moderate,G14,Stable
58.69782971619366,-0.0520002993904008,-1.133421018292623,312.8631076704335,Exp-C,Good,G8,Stable
58.797996661101834,-0.05031749705078454,0.34992371524939253,302.17956457284686,Exp-C,Moderate,G7,Verified
58.898163606010016,-0.04809984461680716,-0.8953543736592,287.191912539803,Exp-B,Poor,G7,Noisy
58.9983305509182,-0.04537698451840222,1.0628536930332164,298.7103292383032,Exp-B,Good,G3,Noisy
59.09849749582638,-0.04218380225324591,2.3378277453883,318.7229001163871,Exp-C,Poor,G6,Verified
59.19866444073456,-0.038559991686988024,-0.8607568017018197,310.1194477215674,Exp-C,Poor,G15,Verified
59.29883138564274,-0.0345495719726912,0.5342078623746747,312.44650415516526,Exp-A,Poor,G20,Noisy
59.39899833055092,-0.030200361867604084,-0.7267419048820193,281.3130199527696,Exp-A,Poor,G16,Noisy
59.4991652754591,-0.025563417634850875,1.0409541737977894,298.7143785053664,Exp-B,Moderate,G11,Verified
59.59933222036728,-0.020692441055162845,-1.265258409085215,305.8648453463022,Exp-B,Moderate,G15,Noisy
59.69949916527546,-0.015643164336421066,0.48058675842771265,313.201307345123,Exp-A,Poor,G8,Stable
59.799666110183644,-0.010472718894394092,-0.8729889668893527,281.97094614331087,Exp-A,Poor,G14,Verified
59.89983305509182,-0.005238995085369175,-0.20698458909836875,314.09755542567495,Exp-A,Poor,G13,Stable
60.0,-1.2194314783127005e-16,-1.031025275147307,301.9360374696765,Exp-A,Moderate,G2,Verified
